{
  "Format": "2.3.0",
  "Changes": [
    {
      "Action": "Load",
      "Target": "{{ModId}}.SmithAnvil",
      "FromFile": "assets/SmithAnvil.png"
    },
    {
      "Action": "EditData",
      "Target": "Data/BigCraftables",
      "Entries": {
        "{{ModId}}.SmithAnvil": {
          "Name": "{{ModId}}.SmithAnvil",
          "DisplayName": "{{i18n:anvil.display-name}}",
          "Description": "{{i18n:anvil.description}}",
          "Price": 0,
          "IsLamp": false,
          "Texture": "{{ModId}}.SmithAnvil"
        }
      }
    },
    {
      "Action": "EditData",
      "Target": "Data/Mail",
      "Entries": {
        "{{ModId}}.ReceiveAnvil": "{{i18n:anvil.mail | item ={{ModId}}.SmithAnvil}}"
      },
      "When": {
        "HasFlag": "guildMember"
      }
    }
  ]
}
